INSERT INTO public."user" (id, last_modified_at, created_at, last_login_at, name) VALUES ('system', NOW(), NOW(), null, 'system');

INSERT INTO public.type (id, parent) VALUES ('type_1', null);
INSERT INTO public.type (id, parent) VALUES ('type_2', 'type_1');
INSERT INTO public.type (id, parent) VALUES ('type_3', 'type_2');

INSERT INTO public.type_validity (id, created_at, effective_at, expire_at, type, created_by) VALUES ('94cfba13-1ee3-4c2b-b38a-c6a7a7beacb0', '2025-02-16 18:13:23.066000 +00:00', '1970-01-01 00:00:00.000000 +00:00', '2999-12-31 00:00:00.000000 +00:00', 'type_1', 'system');
INSERT INTO public.type_validity (id, created_at, effective_at, expire_at, type, created_by) VALUES ('6e5f1e1b-745b-475f-ab10-e00f13a615f2', '2025-02-16 18:13:23.066000 +00:00', '1970-01-01 00:00:00.000000 +00:00', '1999-12-31 00:00:00.000000 +00:00', 'type_2', 'system');
INSERT INTO public.type_validity (id, created_at, effective_at, expire_at, type, created_by) VALUES ('613336a0-9090-48eb-a4bd-09c2adc42dfc', '2025-02-16 18:13:23.066000 +00:00', '1999-12-31 00:00:00.000000 +00:00', '2999-12-31 00:00:00.000000 +00:00', 'type_2', 'system');
INSERT INTO public.type_validity (id, created_at, effective_at, expire_at, type, created_by) VALUES ('1a7de31f-a862-4cc8-8362-8301ac8ff6a1', '2025-02-16 18:13:23.066000 +00:00', '1970-01-01 00:00:00.000000 +00:00', '1999-12-31 00:00:00.000000 +00:00', 'type_3', 'system');
INSERT INTO public.type_validity (id, created_at, effective_at, expire_at, type, created_by) VALUES ('31850def-89f5-4b72-81e1-95fe0552d198', '2025-02-16 18:13:23.066000 +00:00', '1999-12-31 00:00:00.000000 +00:00', '2999-12-31 00:00:00.000000 +00:00', 'type_3', 'system');

INSERT INTO public.type_definition (id, created_at, description, last, primitive, created_by, validity, type) VALUES ('1ba494f9-387e-44a9-b211-8008299d7773', '2025-02-16 18:13:23.066000 +00:00', 'type_1', true, true, 'system', '94cfba13-1ee3-4c2b-b38a-c6a7a7beacb0', 'type_1');
INSERT INTO public.type_definition (id, created_at, description, last, primitive, created_by, validity, type) VALUES ('94c220f1-7576-4d3b-96ff-6128be479f34', '2025-02-16 18:13:23.066000 +00:00', 'type_2', true, true, 'system', '6e5f1e1b-745b-475f-ab10-e00f13a615f2', 'type_2');
INSERT INTO public.type_definition (id, created_at, description, last, primitive, created_by, validity, type) VALUES ('54aa4cd9-d12a-4015-886d-70c40fd0049b', '2025-02-16 18:13:23.066000 +00:00', 'type_3', true, true, 'system', '1a7de31f-a862-4cc8-8362-8301ac8ff6a1', 'type_3');
INSERT INTO public.type_definition (id, created_at, description, last, primitive, created_by, validity, type) VALUES ('d4cedd54-6423-45a6-86ca-821eae9b3573', '2025-02-16 18:13:23.066000 +00:00', 'type_2', true, true, 'system', '613336a0-9090-48eb-a4bd-09c2adc42dfc', 'type_2');
INSERT INTO public.type_definition (id, created_at, description, last, primitive, created_by, validity, type) VALUES ('cd569d16-1f50-4cd1-85eb-74a763c98b5d', '2025-02-16 18:13:23.066000 +00:00', 'type_3', true, true, 'system', '31850def-89f5-4b72-81e1-95fe0552d198', 'type_3');

INSERT INTO public.attribute (attribute_type, name, description, nullable, value_validators, value_type, file_extensions, key_type, key_validators, type_definition, reference_type) VALUES ('Value', 'common_attr', 'Common Attribute in Root', true, null, null, null, null, null, '1ba494f9-387e-44a9-b211-8008299d7773', null);
INSERT INTO public.attribute (attribute_type, name, description, nullable, value_validators, value_type, file_extensions, key_type, key_validators, type_definition, reference_type) VALUES ('Value', 'common_attr', 'Overwritten Attribute in Child 1', true, null, null, null, null, null, '94c220f1-7576-4d3b-96ff-6128be479f34', null);
INSERT INTO public.attribute (attribute_type, name, description, nullable, value_validators, value_type, file_extensions, key_type, key_validators, type_definition, reference_type) VALUES ('Array', 'unique_attr', 'Unique Attribute in Child 1', false, null, 'Value', null, null, null, '94c220f1-7576-4d3b-96ff-6128be479f34', null);
INSERT INTO public.attribute (attribute_type, name, description, nullable, value_validators, value_type, file_extensions, key_type, key_validators, type_definition, reference_type) VALUES ('Document', 'exclusive_attr', 'Exclusive Attribute in Child 2', false, null, null, null, null, null, '54aa4cd9-d12a-4015-886d-70c40fd0049b', 'type_1');
INSERT INTO public.attribute (attribute_type, name, description, nullable, value_validators, value_type, file_extensions, key_type, key_validators, type_definition, reference_type) VALUES ('Value', 'unique_attr', 'Changed Attribute in Child 1', false, null, 'Value', null, null, null, 'd4cedd54-6423-45a6-86ca-821eae9b3573', null);
INSERT INTO public.attribute (attribute_type, name, description, nullable, value_validators, value_type, file_extensions, key_type, key_validators, type_definition, reference_type) VALUES ('Document', 'exclusive_attr', 'Exclusive Attribute in Child 2', false, null, null, null, null, null, 'cd569d16-1f50-4cd1-85eb-74a763c98b5d', 'type_1');
INSERT INTO public.attribute (attribute_type, name, description, nullable, value_validators, value_type, file_extensions, key_type, key_validators, type_definition, reference_type) VALUES ('Map', 'exclusive_attr2', 'Added Attribute in Child 2', false, null, 'Value', null, 'Value', null, 'cd569d16-1f50-4cd1-85eb-74a763c98b5d', 'type_1');